{
  "version": 1,
  "author": "Stan D",
  "editor": "wokwi",
  "parts": [
    { "type": "wokwi-breadboard-half", "id": "bb1", "top": -127.8, "left": -246.8, "attrs": {} },
    {
      "type": "board-esp32-devkit-c-v4",
      "id": "esp",
      "top": -211.2,
      "left": 110.44,
      "attrs": { "env": "micropython-20231227-v1.22.0" }
    },
    {
      "type": "chip-inmp441",
      "id": "chip1",
      "top": -40.9,
      "left": -248.68,
      "rotate": 270,
      "attrs": {}
    }
  ],
  "connections": [
    [ "esp:TX", "$serialMonitor:RX", "", [] ],
    [ "esp:RX", "$serialMonitor:TX", "", [] ],
    [ "chip1:L/R", "bb1:2t.a", "green", [ "v0" ] ],
    [ "bb1:2t.a", "chip1:SD", "green", [ "v0" ] ],
    [ "chip1:SD", "bb1:3b.j", "", [ "$bb" ] ],
    [ "chip1:VDD", "bb1:4b.j", "", [ "$bb" ] ],
    [ "chip1:GND", "bb1:5b.j", "", [ "$bb" ] ],
    [ "chip1:SCK", "bb1:5t.a", "", [ "$bb" ] ],
    [ "chip1:WS", "bb1:4t.a", "", [ "$bb" ] ],
    [ "chip1:L/R", "bb1:3t.a", "", [ "$bb" ] ],
    [ "chip1:GND", "bb1:bp.5", "black", [ "v0" ] ],
    [ "chip1:VDD", "bb1:bn.3", "green", [ "v0" ] ],
    [ "chip1:L/R", "bb1:bp.2", "green", [ "v0" ] ],
    [ "esp:33", "bb1:25t.a", "green", [ "h0" ] ],
    [ "chip1:SD", "bb1:25t.b", "green", [ "v0" ] ],
    [ "chip1:WS", "esp:25", "green", [ "v0" ] ],
    [ "chip1:SCK", "esp:26", "green", [ "h0" ] ]
  ],
  "dependencies": {},
  "serialMonitor": {
    "display": "plotter"
  }
}
